-- MySQL dump 10.13  Distrib 8.0.27, for macos11 (x86_64)
--
-- Host: i6a405.p.ssafy.io    Database: fitshare
-- ------------------------------------------------------
-- Server version	8.0.27

/*!40101 SET @OLD_CHARACTER_SET_CLIENT=@@CHARACTER_SET_CLIENT */;
/*!40101 SET @OLD_CHARACTER_SET_RESULTS=@@CHARACTER_SET_RESULTS */;
/*!40101 SET @OLD_COLLATION_CONNECTION=@@COLLATION_CONNECTION */;
/*!50503 SET NAMES utf8 */;
/*!40103 SET @OLD_TIME_ZONE=@@TIME_ZONE */;
/*!40103 SET TIME_ZONE='+00:00' */;
/*!40014 SET @OLD_UNIQUE_CHECKS=@@UNIQUE_CHECKS, UNIQUE_CHECKS=0 */;
/*!40014 SET @OLD_FOREIGN_KEY_CHECKS=@@FOREIGN_KEY_CHECKS, FOREIGN_KEY_CHECKS=0 */;
/*!40101 SET @OLD_SQL_MODE=@@SQL_MODE, SQL_MODE='NO_AUTO_VALUE_ON_ZERO' */;
/*!40111 SET @OLD_SQL_NOTES=@@SQL_NOTES, SQL_NOTES=0 */;

--
-- Table structure for table `cloth`
--

DROP TABLE IF EXISTS `cloth`;
/*!40101 SET @saved_cs_client     = @@character_set_client */;
/*!50503 SET character_set_client = utf8mb4 */;
CREATE TABLE `cloth` (
  `id` int NOT NULL AUTO_INCREMENT COMMENT '옷 id',
  `room_participant_id` int NOT NULL,
  `cloth_url` varchar(255) COLLATE utf8_bin NOT NULL COMMENT '옷 이미지 주소',
  `cloth_path` varchar(255) COLLATE utf8_bin DEFAULT NULL COMMENT '옷 구매 사이트 주소',
  `created_time` timestamp NOT NULL DEFAULT CURRENT_TIMESTAMP COMMENT '생성 시간',
  PRIMARY KEY (`id`),
  UNIQUE KEY `id_UNIQUE` (`id`),
  KEY `fk_cloth_room_participant1_idx` (`room_participant_id`),
  CONSTRAINT `fk_cloth_room_participant1` FOREIGN KEY (`room_participant_id`) REFERENCES `room_participant` (`id`)
) ENGINE=InnoDB AUTO_INCREMENT=112 DEFAULT CHARSET=utf8mb3 COLLATE=utf8_bin;
/*!40101 SET character_set_client = @saved_cs_client */;

--
-- Dumping data for table `cloth`
--

LOCK TABLES `cloth` WRITE;
/*!40000 ALTER TABLE `cloth` DISABLE KEYS */;
INSERT INTO `cloth` VALUES (1,5,'https://fitshare-bucket.s3.ap-northeast-2.amazonaws.com/images/5_4_20220216_044632.png','images/5_4_20220216_044632.png','2022-02-16 13:46:33'),(2,5,'https://fitshare-bucket.s3.ap-northeast-2.amazonaws.com/images/5_4_20220216_044652.png','images/5_4_20220216_044652.png','2022-02-16 13:46:52'),(3,5,'https://fitshare-bucket.s3.ap-northeast-2.amazonaws.com/images/5_4_20220216_044702.png','images/5_4_20220216_044702.png','2022-02-16 13:47:03'),(5,8,'https://fitshare-bucket.s3.ap-northeast-2.amazonaws.com/images/8_7_20220216_045534.png','images/8_7_20220216_045534.png','2022-02-16 13:55:35'),(7,12,'https://fitshare-bucket.s3.ap-northeast-2.amazonaws.com/images/11_6_20220216_074447.png','images/11_6_20220216_074447.png','2022-02-16 16:44:48'),(8,12,'https://fitshare-bucket.s3.ap-northeast-2.amazonaws.com/images/11_6_20220216_074610.png','images/11_6_20220216_074610.png','2022-02-16 16:46:11'),(9,18,'https://fitshare-bucket.s3.ap-northeast-2.amazonaws.com/images/16_4_20220216_083006.png','images/16_4_20220216_083006.png','2022-02-16 17:30:07'),(11,18,'https://fitshare-bucket.s3.ap-northeast-2.amazonaws.com/images/16_4_20220216_083616.png','images/16_4_20220216_083616.png','2022-02-16 17:36:17'),(12,18,'https://fitshare-bucket.s3.ap-northeast-2.amazonaws.com/images/16_4_20220216_083716.png','images/16_4_20220216_083716.png','2022-02-16 17:37:17'),(13,19,'https://fitshare-bucket.s3.ap-northeast-2.amazonaws.com/images/17_4_20220216_083942.png','images/17_4_20220216_083942.png','2022-02-16 17:39:42'),(14,36,'https://fitshare-bucket.s3.ap-northeast-2.amazonaws.com/images/31_4_20220216_113259.png','images/31_4_20220216_113259.png','2022-02-16 20:33:00'),(15,36,'https://fitshare-bucket.s3.ap-northeast-2.amazonaws.com/images/31_4_20220216_113306.png','images/31_4_20220216_113306.png','2022-02-16 20:33:07'),(16,36,'https://fitshare-bucket.s3.ap-northeast-2.amazonaws.com/images/31_4_20220216_113326.png','images/31_4_20220216_113326.png','2022-02-16 20:33:27'),(17,35,'https://fitshare-bucket.s3.ap-northeast-2.amazonaws.com/images/31_2_20220216_113338.png','images/31_2_20220216_113338.png','2022-02-16 20:33:38'),(18,38,'https://fitshare-bucket.s3.ap-northeast-2.amazonaws.com/images/32_4_20220216_113515.png','images/32_4_20220216_113515.png','2022-02-16 20:35:16'),(19,38,'https://fitshare-bucket.s3.ap-northeast-2.amazonaws.com/images/32_4_20220216_113521.png','images/32_4_20220216_113521.png','2022-02-16 20:35:22'),(20,38,'https://fitshare-bucket.s3.ap-northeast-2.amazonaws.com/images/32_4_20220216_113720.png','images/32_4_20220216_113720.png','2022-02-16 20:37:21'),(21,60,'https://fitshare-bucket.s3.ap-northeast-2.amazonaws.com/images/48_4_20220216_133842.png','images/48_4_20220216_133842.png','2022-02-16 22:38:43'),(22,60,'https://fitshare-bucket.s3.ap-northeast-2.amazonaws.com/images/48_4_20220216_133905.png','images/48_4_20220216_133905.png','2022-02-16 22:39:06'),(23,65,'https://fitshare-bucket.s3.ap-northeast-2.amazonaws.com/images/51_4_20220216_135411.png','images/51_4_20220216_135411.png','2022-02-16 22:54:12'),(25,65,'https://fitshare-bucket.s3.ap-northeast-2.amazonaws.com/images/51_4_20220216_135554.png','images/51_4_20220216_135554.png','2022-02-16 22:55:55'),(27,82,'https://fitshare-bucket.s3.ap-northeast-2.amazonaws.com/images/62_2_20220216_165611.png','images/62_2_20220216_165611.png','2022-02-17 01:56:12'),(28,81,'https://fitshare-bucket.s3.ap-northeast-2.amazonaws.com/images/62_3_20220216_165702.png','images/62_3_20220216_165702.png','2022-02-17 01:57:03'),(30,83,'https://fitshare-bucket.s3.ap-northeast-2.amazonaws.com/images/63_2_20220216_170220.png','images/63_2_20220216_170220.png','2022-02-17 02:02:21'),(31,83,'https://fitshare-bucket.s3.ap-northeast-2.amazonaws.com/images/63_2_20220216_170231.png','images/63_2_20220216_170231.png','2022-02-17 02:02:32'),(32,83,'https://fitshare-bucket.s3.ap-northeast-2.amazonaws.com/images/63_2_20220216_170330.png','images/63_2_20220216_170330.png','2022-02-17 02:03:31'),(33,84,'https://fitshare-bucket.s3.ap-northeast-2.amazonaws.com/images/64_2_20220216_170702.png','images/64_2_20220216_170702.png','2022-02-17 02:07:03'),(34,84,'https://fitshare-bucket.s3.ap-northeast-2.amazonaws.com/images/64_2_20220216_170725.png','images/64_2_20220216_170725.png','2022-02-17 02:07:26'),(35,84,'https://fitshare-bucket.s3.ap-northeast-2.amazonaws.com/images/64_2_20220216_170739.png','images/64_2_20220216_170739.png','2022-02-17 02:07:40'),(36,84,'https://fitshare-bucket.s3.ap-northeast-2.amazonaws.com/images/64_2_20220216_170801.png','images/64_2_20220216_170801.png','2022-02-17 02:08:01'),(37,84,'https://fitshare-bucket.s3.ap-northeast-2.amazonaws.com/images/64_2_20220216_170942.png','images/64_2_20220216_170942.png','2022-02-17 02:09:43'),(38,84,'https://fitshare-bucket.s3.ap-northeast-2.amazonaws.com/images/64_2_20220216_171001.png','images/64_2_20220216_171001.png','2022-02-17 02:10:02'),(39,86,'https://fitshare-bucket.s3.ap-northeast-2.amazonaws.com/images/65_6_20220216_171157.png','images/65_6_20220216_171157.png','2022-02-17 02:11:58'),(40,86,'https://fitshare-bucket.s3.ap-northeast-2.amazonaws.com/images/65_6_20220216_171520.png','images/65_6_20220216_171520.png','2022-02-17 02:15:21'),(41,99,'https://fitshare-bucket.s3.ap-northeast-2.amazonaws.com/images/72_3_20220216_172214.png','images/72_3_20220216_172214.png','2022-02-17 02:22:15'),(42,99,'https://fitshare-bucket.s3.ap-northeast-2.amazonaws.com/images/72_3_20220216_172233.png','images/72_3_20220216_172233.png','2022-02-17 02:22:34'),(43,86,'https://fitshare-bucket.s3.ap-northeast-2.amazonaws.com/images/65_6_20220216_172852.png','images/65_6_20220216_172852.png','2022-02-17 02:28:53'),(44,103,'https://fitshare-bucket.s3.ap-northeast-2.amazonaws.com/images/74_2_20220216_173135.png','images/74_2_20220216_173135.png','2022-02-17 02:31:36'),(45,104,'https://fitshare-bucket.s3.ap-northeast-2.amazonaws.com/images/75_2_20220216_174002.png','images/75_2_20220216_174002.png','2022-02-17 02:40:03'),(46,106,'https://fitshare-bucket.s3.ap-northeast-2.amazonaws.com/images/77_6_20220216_184236.png','images/77_6_20220216_184236.png','2022-02-17 03:42:37'),(47,107,'https://fitshare-bucket.s3.ap-northeast-2.amazonaws.com/images/78_6_20220216_185735.png','images/78_6_20220216_185735.png','2022-02-17 03:57:36'),(48,108,'https://fitshare-bucket.s3.ap-northeast-2.amazonaws.com/images/79_2_20220217_010450.png','images/79_2_20220217_010450.png','2022-02-17 10:04:50'),(49,108,'https://fitshare-bucket.s3.ap-northeast-2.amazonaws.com/images/79_2_20220217_010539.png','images/79_2_20220217_010539.png','2022-02-17 10:05:40'),(50,109,'https://fitshare-bucket.s3.ap-northeast-2.amazonaws.com/images/80_3_20220217_012244.png','images/80_3_20220217_012244.png','2022-02-17 10:22:44'),(51,110,'https://fitshare-bucket.s3.ap-northeast-2.amazonaws.com/images/81_2_20220217_012815.png','images/81_2_20220217_012815.png','2022-02-17 10:28:16'),(52,110,'https://fitshare-bucket.s3.ap-northeast-2.amazonaws.com/images/81_2_20220217_012921.png','images/81_2_20220217_012921.png','2022-02-17 10:29:22'),(53,112,'https://fitshare-bucket.s3.ap-northeast-2.amazonaws.com/images/83_2_20220217_013158.png','images/83_2_20220217_013158.png','2022-02-17 10:31:59'),(54,112,'https://fitshare-bucket.s3.ap-northeast-2.amazonaws.com/images/83_2_20220217_013948.png','images/83_2_20220217_013948.png','2022-02-17 10:39:49'),(55,114,'https://fitshare-bucket.s3.ap-northeast-2.amazonaws.com/images/84_6_20220217_013956.png','images/84_6_20220217_013956.png','2022-02-17 10:39:57'),(56,114,'https://fitshare-bucket.s3.ap-northeast-2.amazonaws.com/images/84_6_20220217_014001.png','images/84_6_20220217_014001.png','2022-02-17 10:40:02'),(57,112,'https://fitshare-bucket.s3.ap-northeast-2.amazonaws.com/images/83_2_20220217_014048.png','images/83_2_20220217_014048.png','2022-02-17 10:40:48'),(58,112,'https://fitshare-bucket.s3.ap-northeast-2.amazonaws.com/images/83_2_20220217_014108.png','images/83_2_20220217_014108.png','2022-02-17 10:41:09'),(59,115,'https://fitshare-bucket.s3.ap-northeast-2.amazonaws.com/images/85_3_20220217_014521.png','images/85_3_20220217_014521.png','2022-02-17 10:45:21'),(60,121,'https://fitshare-bucket.s3.ap-northeast-2.amazonaws.com/images/91_3_20220217_023408.png','images/91_3_20220217_023408.png','2022-02-17 11:34:09'),(61,122,'https://fitshare-bucket.s3.ap-northeast-2.amazonaws.com/images/92_6_20220217_024515.png','images/92_6_20220217_024515.png','2022-02-17 11:45:16'),(62,124,'https://fitshare-bucket.s3.ap-northeast-2.amazonaws.com/images/94_3_20220217_025556.png','images/94_3_20220217_025556.png','2022-02-17 11:55:57'),(63,124,'https://fitshare-bucket.s3.ap-northeast-2.amazonaws.com/images/94_3_20220217_025816.png','images/94_3_20220217_025816.png','2022-02-17 11:58:17'),(66,126,'https://fitshare-bucket.s3.ap-northeast-2.amazonaws.com/images/96_3_20220217_030051.png','images/96_3_20220217_030051.png','2022-02-17 12:00:51'),(68,127,'https://fitshare-bucket.s3.ap-northeast-2.amazonaws.com/images/97_14_20220217_030309.png','images/97_14_20220217_030309.png','2022-02-17 12:03:10'),(69,128,'https://fitshare-bucket.s3.ap-northeast-2.amazonaws.com/images/98_3_20220217_040919.png','images/98_3_20220217_040919.png','2022-02-17 13:09:20'),(76,154,'https://fitshare-bucket.s3.ap-northeast-2.amazonaws.com/images/120_2_20220217_090534.png','images/120_2_20220217_090534.png','2022-02-17 18:05:35'),(77,160,'https://fitshare-bucket.s3.ap-northeast-2.amazonaws.com/images/126_4_20220217_091815.png','images/126_4_20220217_091815.png','2022-02-17 18:18:17'),(80,160,'https://fitshare-bucket.s3.ap-northeast-2.amazonaws.com/images/126_4_20220217_091952.png','images/126_4_20220217_091952.png','2022-02-17 18:19:53'),(85,160,'https://fitshare-bucket.s3.ap-northeast-2.amazonaws.com/images/126_4_20220217_092057.png','images/126_4_20220217_092057.png','2022-02-17 18:20:58'),(89,169,'https://fitshare-bucket.s3.ap-northeast-2.amazonaws.com/images/135_7_20220217_092257.png','images/135_7_20220217_092257.png','2022-02-17 18:22:59'),(91,160,'https://fitshare-bucket.s3.ap-northeast-2.amazonaws.com/images/126_4_20220217_092306.png','images/126_4_20220217_092306.png','2022-02-17 18:23:07'),(93,169,'https://fitshare-bucket.s3.ap-northeast-2.amazonaws.com/images/135_7_20220217_092412.png','images/135_7_20220217_092412.png','2022-02-17 18:24:14'),(94,169,'https://fitshare-bucket.s3.ap-northeast-2.amazonaws.com/images/135_7_20220217_092452.png','images/135_7_20220217_092452.png','2022-02-17 18:24:53'),(95,173,'https://fitshare-bucket.s3.ap-northeast-2.amazonaws.com/images/139_6_20220217_092609.png','images/139_6_20220217_092609.png','2022-02-17 18:26:10'),(96,173,'https://fitshare-bucket.s3.ap-northeast-2.amazonaws.com/images/139_6_20220217_092646.png','images/139_6_20220217_092646.png','2022-02-17 18:26:47'),(100,180,'https://fitshare-bucket.s3.ap-northeast-2.amazonaws.com/images/146_7_20220217_111055.png','images/146_7_20220217_111055.png','2022-02-17 20:10:56'),(101,179,'https://fitshare-bucket.s3.ap-northeast-2.amazonaws.com/images/145_15_20220217_111130.png','images/145_15_20220217_111130.png','2022-02-17 20:11:31'),(102,181,'https://fitshare-bucket.s3.ap-northeast-2.amazonaws.com/images/147_5_20220217_111154.png','images/147_5_20220217_111154.png','2022-02-17 20:11:55'),(103,182,'https://fitshare-bucket.s3.ap-northeast-2.amazonaws.com/images/145_5_20220217_111608.png','images/145_5_20220217_111608.png','2022-02-17 20:16:08'),(104,182,'https://fitshare-bucket.s3.ap-northeast-2.amazonaws.com/images/145_5_20220217_111616.png','images/145_5_20220217_111616.png','2022-02-17 20:16:17'),(105,188,'https://fitshare-bucket.s3.ap-northeast-2.amazonaws.com/images/151_17_20220217_114746.png','images/151_17_20220217_114746.png','2022-02-17 20:47:46'),(106,188,'https://fitshare-bucket.s3.ap-northeast-2.amazonaws.com/images/151_17_20220217_114749.png','images/151_17_20220217_114749.png','2022-02-17 20:47:49'),(107,188,'https://fitshare-bucket.s3.ap-northeast-2.amazonaws.com/images/151_17_20220217_114750.png','images/151_17_20220217_114750.png','2022-02-17 20:47:51'),(108,195,'https://fitshare-bucket.s3.ap-northeast-2.amazonaws.com/images/158_17_20220217_114805.png','images/158_17_20220217_114805.png','2022-02-17 20:48:06'),(109,197,'https://fitshare-bucket.s3.ap-northeast-2.amazonaws.com/images/160_17_20220217_114916.png','images/160_17_20220217_114916.png','2022-02-17 20:49:16'),(110,197,'https://fitshare-bucket.s3.ap-northeast-2.amazonaws.com/images/160_17_20220217_115006.png','images/160_17_20220217_115006.png','2022-02-17 20:50:06'),(111,203,'https://fitshare-bucket.s3.ap-northeast-2.amazonaws.com/images/166_3_20220217_115616.png','images/166_3_20220217_115616.png','2022-02-17 20:56:17');
/*!40000 ALTER TABLE `cloth` ENABLE KEYS */;
UNLOCK TABLES;

--
-- Table structure for table `friend`
--

DROP TABLE IF EXISTS `friend`;
/*!40101 SET @saved_cs_client     = @@character_set_client */;
/*!50503 SET character_set_client = utf8mb4 */;
CREATE TABLE `friend` (
  `id` int NOT NULL AUTO_INCREMENT COMMENT '친구관계 id',
  `member_id` int NOT NULL COMMENT '사용자 id',
  `friend_id` int NOT NULL COMMENT '사용자의 친구 id',
  `created_time` timestamp NOT NULL DEFAULT CURRENT_TIMESTAMP,
  PRIMARY KEY (`id`),
  UNIQUE KEY `id_UNIQUE` (`id`),
  KEY `FK_friend_member_idx` (`member_id`),
  KEY `FK_friend_friend_id_member_id_idx` (`friend_id`),
  CONSTRAINT `FK_friend_friend_id_member_id` FOREIGN KEY (`friend_id`) REFERENCES `member` (`id`),
  CONSTRAINT `FK_friend_member_id_member_id` FOREIGN KEY (`member_id`) REFERENCES `member` (`id`)
) ENGINE=InnoDB AUTO_INCREMENT=77 DEFAULT CHARSET=utf8mb3 COLLATE=utf8_bin;
/*!40101 SET character_set_client = @saved_cs_client */;

--
-- Dumping data for table `friend`
--

LOCK TABLES `friend` WRITE;
/*!40000 ALTER TABLE `friend` DISABLE KEYS */;
INSERT INTO `friend` VALUES (10,7,5,'2022-02-16 07:14:35'),(11,5,7,'2022-02-16 07:14:39'),(26,9,5,'2022-02-16 20:59:32'),(27,5,9,'2022-02-16 20:59:32'),(40,7,15,'2022-02-17 13:36:23'),(41,15,7,'2022-02-17 13:36:23'),(42,5,15,'2022-02-17 13:36:47'),(43,15,5,'2022-02-17 13:36:47'),(54,3,2,'2022-02-17 16:34:11'),(55,2,3,'2022-02-17 16:34:11'),(56,5,6,'2022-02-17 16:39:54'),(57,6,5,'2022-02-17 16:39:54'),(63,3,4,'2022-02-17 08:41:27'),(64,4,3,'2022-02-17 08:41:27'),(65,7,3,'2022-02-17 18:15:25'),(66,3,7,'2022-02-17 18:15:25'),(67,3,9,'2022-02-17 18:16:07'),(68,9,3,'2022-02-17 18:16:07'),(69,6,3,'2022-02-17 18:16:36'),(70,3,6,'2022-02-17 18:16:36'),(71,6,9,'2022-02-17 18:16:36'),(72,9,6,'2022-02-17 18:16:36'),(73,5,3,'2022-02-17 18:16:38'),(74,3,5,'2022-02-17 18:16:38'),(75,4,5,'2022-02-17 18:27:39'),(76,5,4,'2022-02-17 18:27:39');
/*!40000 ALTER TABLE `friend` ENABLE KEYS */;
UNLOCK TABLES;

--
-- Table structure for table `friend_request`
--

DROP TABLE IF EXISTS `friend_request`;
/*!40101 SET @saved_cs_client     = @@character_set_client */;
/*!50503 SET character_set_client = utf8mb4 */;
CREATE TABLE `friend_request` (
  `id` int NOT NULL AUTO_INCREMENT,
  `member_id` int NOT NULL COMMENT '친구를 요청한 사용자 id',
  `target_member_id` int NOT NULL COMMENT '친구 요청을 받은 사용자 id',
  `created_time` timestamp NOT NULL DEFAULT CURRENT_TIMESTAMP COMMENT '친구 요청 시간',
  PRIMARY KEY (`id`),
  UNIQUE KEY `id_UNIQUE` (`id`),
  KEY `FK_friend_request_member_id_member_id_idx` (`member_id`),
  KEY `FK_friend_request_target_member_id_member_id_idx` (`target_member_id`),
  CONSTRAINT `FK_friend_request_member_id_member_id` FOREIGN KEY (`member_id`) REFERENCES `member` (`id`),
  CONSTRAINT `FK_friend_request_target_member_id_member_id` FOREIGN KEY (`target_member_id`) REFERENCES `member` (`id`)
) ENGINE=InnoDB AUTO_INCREMENT=50 DEFAULT CHARSET=utf8mb3 COLLATE=utf8_bin;
/*!40101 SET character_set_client = @saved_cs_client */;

--
-- Dumping data for table `friend_request`
--

LOCK TABLES `friend_request` WRITE;
/*!40000 ALTER TABLE `friend_request` DISABLE KEYS */;
INSERT INTO `friend_request` VALUES (40,4,16,'2022-02-17 17:20:21'),(42,9,2,'2022-02-17 17:34:45'),(48,5,16,'2022-02-17 18:26:58'),(49,6,15,'2022-02-17 20:31:07');
/*!40000 ALTER TABLE `friend_request` ENABLE KEYS */;
UNLOCK TABLES;

--
-- Table structure for table `member`
--

DROP TABLE IF EXISTS `member`;
/*!40101 SET @saved_cs_client     = @@character_set_client */;
/*!50503 SET character_set_client = utf8mb4 */;
CREATE TABLE `member` (
  `id` int NOT NULL AUTO_INCREMENT COMMENT '사용자 id',
  `uid` varchar(200) COLLATE utf8_bin NOT NULL COMMENT '카카오 회원번호',
  `name` varchar(50) COLLATE utf8_bin NOT NULL COMMENT '사용자 이름',
  `email` varchar(30) COLLATE utf8_bin DEFAULT NULL COMMENT '이메일',
  `phone` varchar(15) COLLATE utf8_bin DEFAULT NULL COMMENT '전화번호',
  `profile_img` varchar(255) COLLATE utf8_bin DEFAULT NULL COMMENT '프로필사진',
  `is_active` tinyint(1) NOT NULL DEFAULT '1' COMMENT '계정 활성화여부 (0: 비활성화, 1: 활성화)',
  `created_time` timestamp NOT NULL DEFAULT CURRENT_TIMESTAMP COMMENT '가입 시간',
  `updated_time` timestamp NOT NULL DEFAULT CURRENT_TIMESTAMP COMMENT '마지막 수정 시간',
  PRIMARY KEY (`id`),
  UNIQUE KEY `id_UNIQUE` (`id`),
  UNIQUE KEY `uid_UNIQUE` (`uid`),
  UNIQUE KEY `email_UNIQUE` (`email`),
  UNIQUE KEY `phone_UNIQUE` (`phone`)
) ENGINE=InnoDB AUTO_INCREMENT=18 DEFAULT CHARSET=utf8mb3 COLLATE=utf8_bin;
/*!40101 SET character_set_client = @saved_cs_client */;

--
-- Dumping data for table `member`
--

LOCK TABLES `member` WRITE;
/*!40000 ALTER TABLE `member` DISABLE KEYS */;
INSERT INTO `member` VALUES (2,'2113132677','김선민','smkim0903@naver.com',NULL,'http://k.kakaocdn.net/dn/bKe22n/btq1nIraGPi/V7khORTYUdgn5Wwd2cDv1k/img_640x640.jpg',1,'2022-02-16 11:47:33','2022-02-16 11:47:33'),(3,'2113150895','허재석','1gj2wo3tjr@naver.com',NULL,'http://k.kakaocdn.net/dn/cfxpzD/btq7C1j8mcj/d7YuVb1uKvnIQog1KuFWf0/img_640x640.jpg',1,'2022-02-16 11:49:13','2022-02-16 16:13:44'),(4,'2099064704','이명주','myungju251@naver.com',NULL,'http://k.kakaocdn.net/dn/dpk9l1/btqmGhA2lKL/Oz0wDuJn1YV2DIn92f6DVK/img_640x640.jpg',1,'2022-02-16 12:04:49','2022-02-16 16:27:04'),(5,'2103923724','송예진','festa11@daum.net',NULL,'http://k.kakaocdn.net/dn/dpk9l1/btqmGhA2lKL/Oz0wDuJn1YV2DIn92f6DVK/img_640x640.jpg',1,'2022-02-16 13:35:40','2022-02-16 13:35:40'),(6,'2113021480','김혜지','test@test.com',NULL,'http://k.kakaocdn.net/dn/cvP9b9/btrqOf4JHOJ/FDWMjDWwFiFQvyKrKku021/img_640x640.jpg',1,'2022-02-16 13:35:43','2022-02-16 13:35:43'),(7,'2095916454','KMS','kimms4142@naver.com',NULL,'http://k.kakaocdn.net/dn/mgTZs/btqEGUmJYjQ/oyppExAIwdK8KzgjzEfKZK/img_640x640.jpg',1,'2022-02-16 13:36:13','2022-02-16 13:36:13'),(8,'2122349260','bomin','ht2641@naver.com',NULL,'http://k.kakaocdn.net/dn/dpk9l1/btqmGhA2lKL/Oz0wDuJn1YV2DIn92f6DVK/img_640x640.jpg',1,'2022-02-16 14:31:08','2022-02-16 14:31:08'),(9,'ll2_3l5jVLDYNjjnELI6fhmDu4yYeaSVDYVgHta0V6w','송예진','rkrud232@naver.com','010-9506-7564','https://ssl.pstatic.net/static/pwe/address/img_profile.png',1,'2022-02-16 20:34:51','2022-02-16 20:34:51'),(10,'2123071690','jihwan','top1h@naver.com',NULL,'http://k.kakaocdn.net/dn/eGUfxe/btrtrYA9GRg/n1sukKEkmWkAVtKbvVqbM1/img_640x640.jpg',1,'2022-02-16 23:56:08','2022-02-16 23:56:08'),(11,'2115322453','Test','gjwotjr260@gmail.com',NULL,'http://k.kakaocdn.net/dn/dpk9l1/btqmGhA2lKL/Oz0wDuJn1YV2DIn92f6DVK/img_640x640.jpg',1,'2022-02-17 00:33:55','2022-02-17 00:33:55'),(12,'2113690335','김선민','smkim09037@gmail.com',NULL,'http://k.kakaocdn.net/dn/dpk9l1/btqmGhA2lKL/Oz0wDuJn1YV2DIn92f6DVK/img_640x640.jpg',1,'2022-02-17 01:01:45','2022-02-17 02:04:50'),(14,'2123508634','이상우','sangwoo266@hanmail.net',NULL,'http://k.kakaocdn.net/dn/mEe4F/btq6x0nvzA3/raZoxgHf6j0RNnJKpUFkmk/img_640x640.jpg',1,'2022-02-17 11:59:20','2022-02-17 11:59:20'),(15,'6EpEWzky_zUJhDK4AJOOmn_sCFmMNnwwhG5s8Qw1Sd0','김혜지','hengzizng@naver.com','010-7167-6182','https://ssl.pstatic.net/static/pwe/address/img_profile.png',1,'2022-02-17 13:35:46','2022-02-17 13:35:46'),(16,'yQaAPHQYyGNHptmQWWsA4aaEtVyScbRBB_V5ZHL8yAg','이명주','myungju25@naver.com','010-9525-4408','http://file3.instiz.net/data/file3/2021/05/31/f/a/c/facf40c25c304e8f018b6f0b997605a6.png',1,'2022-02-17 13:42:45','2022-02-17 13:42:45'),(17,'0T3_RJVUvqVM61sx3HAnwEqad-NeXeo68TA86Ybu_fQ','허재석','hjs3482@hanmir.com','010-6310-7136','https://ssl.pstatic.net/static/pwe/address/img_profile.png',1,'2022-02-17 17:15:08','2022-02-17 17:15:08');
/*!40000 ALTER TABLE `member` ENABLE KEYS */;
UNLOCK TABLES;

--
-- Table structure for table `private_chat`
--

DROP TABLE IF EXISTS `private_chat`;
/*!40101 SET @saved_cs_client     = @@character_set_client */;
/*!50503 SET character_set_client = utf8mb4 */;
CREATE TABLE `private_chat` (
  `id` int NOT NULL AUTO_INCREMENT COMMENT '채팅 id',
  `sender_id` int NOT NULL COMMENT '발신 사용자 id',
  `receiver_id` int NOT NULL COMMENT '수신 사용자 id',
  `message` text COLLATE utf8_bin NOT NULL COMMENT '메시지',
  `is_checked` tinyint(1) NOT NULL DEFAULT '0' COMMENT '메시지 확인 여부 (0: 읽지 않음, 1: 읽음)',
  `created_time` varchar(25) COLLATE utf8_bin NOT NULL COMMENT '전송 시간',
  PRIMARY KEY (`id`),
  UNIQUE KEY `id_UNIQUE` (`id`),
  KEY `FK_private_chat_sender_id_member_id_idx` (`sender_id`),
  KEY `FK_private_chat_receiver_id_member_id_idx` (`receiver_id`),
  CONSTRAINT `FK_private_chat_receiver_id_member_id` FOREIGN KEY (`receiver_id`) REFERENCES `member` (`id`),
  CONSTRAINT `FK_private_chat_sender_id_member_id` FOREIGN KEY (`sender_id`) REFERENCES `member` (`id`)
) ENGINE=InnoDB AUTO_INCREMENT=21 DEFAULT CHARSET=utf8mb3 COLLATE=utf8_bin;
/*!40101 SET character_set_client = @saved_cs_client */;

--
-- Dumping data for table `private_chat`
--

LOCK TABLES `private_chat` WRITE;
/*!40000 ALTER TABLE `private_chat` DISABLE KEYS */;
INSERT INTO `private_chat` VALUES (1,3,12,'방 비밀번호는 1234야. 무신사에서 쇼핑하자',0,'2022-02-17 10:17:19'),(3,12,3,'알겠어!',0,'2022-02-17 10:17:27'),(4,12,3,'좀있다 봐~',0,'2022-02-17 10:17:34'),(5,2,3,'ffff',0,'2022-02-17 09:58:51'),(6,3,7,'하이하이',0,'2022-02-17 08:39:30'),(7,7,4,'안녕~',0,'2022-02-16 22:46:30'),(8,7,4,'잘지내?~',0,'2022-02-16 22:51:05'),(9,15,5,'안녕',0,'2022-02-16T14:36:19.983Z'),(10,15,5,'hihi',0,'2022-02-16T14:43:04.481Z'),(11,15,5,'안녕',0,'2022-02-17T14:48:17.923Z'),(12,15,5,'ㅠㅠ',0,'2022-02-17T14:55:11.028Z'),(13,15,5,'ㅠㅠㅠ',0,'2022-02-15T15:01:14.889Z'),(14,15,5,'ㅜㅜㅜㅜㅜㅜㅜㅜ',0,'2022-02-17T15:02:34.378Z'),(15,15,5,'ㅠㅠㅠ',0,'2022-02-17T15:03:25.904Z'),(16,15,5,'ㅎㅎ',0,'2022-02-17T15:05:44.821Z'),(17,15,5,'무신사볼래?',0,'2022-02-17T16:09:52.517Z'),(18,15,5,'ㅜㅜ',0,'2022-02-17T16:17:46.761Z'),(19,6,5,'안녕',0,'2022-02-17T16:40:36.084Z'),(20,5,6,'ㅎㅎ',0,'2022-02-17T16:41:53.752Z');
/*!40000 ALTER TABLE `private_chat` ENABLE KEYS */;
UNLOCK TABLES;

--
-- Table structure for table `room_participant`
--

DROP TABLE IF EXISTS `room_participant`;
/*!40101 SET @saved_cs_client     = @@character_set_client */;
/*!50503 SET character_set_client = utf8mb4 */;
CREATE TABLE `room_participant` (
  `id` int NOT NULL AUTO_INCREMENT COMMENT '쇼핑룸 내 참여자별 고유값',
  `member_id` int NOT NULL,
  `shopping_room_id` int NOT NULL COMMENT '쇼핑룸 id',
  `created_time` timestamp NOT NULL DEFAULT CURRENT_TIMESTAMP,
  PRIMARY KEY (`id`),
  UNIQUE KEY `id_UNIQUE` (`id`),
  KEY `FK_room_participant_room_id_shopping_room_id_idx` (`shopping_room_id`),
  KEY `fk_room_participant_member2_idx` (`member_id`),
  CONSTRAINT `fk_room_participant_member2` FOREIGN KEY (`member_id`) REFERENCES `member` (`id`),
  CONSTRAINT `FK_room_participant_room_id_shopping_room_id` FOREIGN KEY (`shopping_room_id`) REFERENCES `shopping_room` (`id`)
) ENGINE=InnoDB AUTO_INCREMENT=205 DEFAULT CHARSET=utf8mb3 COLLATE=utf8_bin;
/*!40101 SET character_set_client = @saved_cs_client */;

--
-- Dumping data for table `room_participant`
--

LOCK TABLES `room_participant` WRITE;
/*!40000 ALTER TABLE `room_participant` DISABLE KEYS */;
INSERT INTO `room_participant` VALUES (1,5,1,'2022-02-16 13:40:09'),(2,7,2,'2022-02-16 13:40:19'),(3,6,3,'2022-02-16 13:40:33'),(4,4,4,'2022-02-16 13:42:03'),(5,4,5,'2022-02-16 13:45:50'),(6,7,6,'2022-02-16 13:52:00'),(7,7,7,'2022-02-16 13:52:52'),(8,7,8,'2022-02-16 13:53:51'),(9,7,5,'2022-02-16 13:59:33'),(10,6,9,'2022-02-16 14:45:47'),(11,3,10,'2022-02-16 16:15:37'),(12,6,11,'2022-02-16 16:42:36'),(13,6,12,'2022-02-16 16:42:36'),(14,6,13,'2022-02-16 16:48:45'),(15,4,13,'2022-02-16 16:50:24'),(16,5,14,'2022-02-16 17:07:17'),(17,5,15,'2022-02-16 17:25:25'),(18,4,16,'2022-02-16 17:25:55'),(19,4,17,'2022-02-16 17:38:22'),(20,5,17,'2022-02-16 17:38:33'),(21,7,17,'2022-02-16 17:38:40'),(22,5,18,'2022-02-16 18:00:13'),(23,2,19,'2022-02-16 18:02:45'),(24,4,20,'2022-02-16 18:12:23'),(25,4,21,'2022-02-16 18:14:54'),(26,3,22,'2022-02-16 18:16:00'),(27,4,23,'2022-02-16 18:17:25'),(28,7,24,'2022-02-16 18:27:17'),(29,3,25,'2022-02-16 18:32:12'),(30,5,26,'2022-02-16 18:38:32'),(31,5,27,'2022-02-16 19:56:58'),(32,7,28,'2022-02-16 20:19:15'),(33,4,29,'2022-02-16 20:19:53'),(34,7,30,'2022-02-16 20:24:11'),(35,2,31,'2022-02-16 20:28:49'),(36,4,31,'2022-02-16 20:28:58'),(37,2,32,'2022-02-16 20:34:56'),(38,4,32,'2022-02-16 20:35:01'),(39,9,33,'2022-02-16 20:35:47'),(40,9,34,'2022-02-16 20:54:53'),(41,9,35,'2022-02-16 20:59:43'),(42,5,35,'2022-02-16 20:59:57'),(43,9,36,'2022-02-16 21:10:36'),(44,5,36,'2022-02-16 21:10:59'),(45,9,37,'2022-02-16 21:13:20'),(46,5,37,'2022-02-16 21:14:26'),(47,9,38,'2022-02-16 21:18:23'),(48,4,39,'2022-02-16 21:19:23'),(49,9,40,'2022-02-16 21:25:26'),(50,5,40,'2022-02-16 21:27:16'),(51,9,41,'2022-02-16 21:38:36'),(52,9,42,'2022-02-16 21:42:34'),(53,5,43,'2022-02-16 21:49:35'),(54,9,43,'2022-02-16 21:53:19'),(55,9,44,'2022-02-16 22:07:43'),(56,4,45,'2022-02-16 22:10:10'),(57,5,44,'2022-02-16 22:13:41'),(58,7,46,'2022-02-16 22:33:00'),(59,5,47,'2022-02-16 22:34:15'),(60,4,48,'2022-02-16 22:37:48'),(61,6,48,'2022-02-16 22:38:46'),(62,7,48,'2022-02-16 22:38:55'),(63,9,49,'2022-02-16 22:49:06'),(64,7,50,'2022-02-16 22:50:12'),(65,4,51,'2022-02-16 22:52:46'),(66,2,51,'2022-02-16 22:57:22'),(67,6,51,'2022-02-16 22:57:23'),(68,7,51,'2022-02-16 22:57:26'),(69,5,52,'2022-02-16 23:01:31'),(70,5,53,'2022-02-16 23:02:25'),(71,7,54,'2022-02-16 23:10:06'),(72,10,55,'2022-02-16 23:56:50'),(73,3,56,'2022-02-17 01:21:27'),(74,3,57,'2022-02-17 01:22:56'),(75,3,58,'2022-02-17 01:23:34'),(76,3,59,'2022-02-17 01:40:45'),(77,12,59,'2022-02-17 01:47:25'),(78,3,60,'2022-02-17 01:48:45'),(79,2,60,'2022-02-17 01:48:58'),(80,3,61,'2022-02-17 01:49:42'),(81,3,62,'2022-02-17 01:50:31'),(82,2,62,'2022-02-17 01:50:39'),(83,2,63,'2022-02-17 02:01:38'),(84,2,64,'2022-02-17 02:04:16'),(85,12,64,'2022-02-17 02:06:34'),(86,6,65,'2022-02-17 02:09:29'),(87,3,66,'2022-02-17 02:12:50'),(88,2,66,'2022-02-17 02:12:57'),(89,3,67,'2022-02-17 02:16:40'),(90,2,67,'2022-02-17 02:16:52'),(91,3,68,'2022-02-17 02:17:31'),(92,2,68,'2022-02-17 02:17:37'),(93,3,69,'2022-02-17 02:18:36'),(94,2,69,'2022-02-17 02:18:45'),(95,3,70,'2022-02-17 02:20:40'),(96,2,70,'2022-02-17 02:20:42'),(97,3,71,'2022-02-17 02:21:17'),(98,2,71,'2022-02-17 02:21:19'),(99,3,72,'2022-02-17 02:21:27'),(100,2,72,'2022-02-17 02:21:33'),(101,3,73,'2022-02-17 02:24:11'),(102,2,73,'2022-02-17 02:27:37'),(103,2,74,'2022-02-17 02:31:15'),(104,2,75,'2022-02-17 02:39:47'),(105,6,76,'2022-02-17 02:58:32'),(106,6,77,'2022-02-17 03:41:29'),(107,6,78,'2022-02-17 03:56:41'),(108,2,79,'2022-02-17 10:04:13'),(109,3,80,'2022-02-17 10:22:06'),(110,2,81,'2022-02-17 10:27:42'),(111,2,82,'2022-02-17 10:30:28'),(112,2,83,'2022-02-17 10:31:25'),(113,3,83,'2022-02-17 10:31:34'),(114,6,84,'2022-02-17 10:39:14'),(115,3,85,'2022-02-17 10:45:14'),(116,6,86,'2022-02-17 11:11:37'),(117,7,87,'2022-02-17 11:11:47'),(118,5,88,'2022-02-17 11:14:24'),(119,5,89,'2022-02-17 11:23:13'),(120,4,90,'2022-02-17 11:29:17'),(121,3,91,'2022-02-17 11:34:02'),(122,6,92,'2022-02-17 11:44:54'),(123,2,93,'2022-02-17 11:48:44'),(124,3,94,'2022-02-17 11:55:38'),(125,14,95,'2022-02-17 11:59:32'),(126,3,96,'2022-02-17 12:00:35'),(127,14,97,'2022-02-17 12:02:55'),(128,3,98,'2022-02-17 13:09:12'),(129,16,99,'2022-02-17 13:44:24'),(130,16,100,'2022-02-17 13:45:28'),(131,16,101,'2022-02-17 13:50:14'),(132,7,102,'2022-02-17 14:26:37'),(133,4,103,'2022-02-17 14:28:23'),(134,4,104,'2022-02-17 14:33:32'),(135,2,105,'2022-02-17 14:36:26'),(136,2,106,'2022-02-17 14:37:56'),(137,4,107,'2022-02-17 14:43:45'),(138,3,106,'2022-02-17 14:49:20'),(139,4,108,'2022-02-17 15:11:53'),(140,7,109,'2022-02-17 15:20:30'),(141,2,110,'2022-02-17 15:29:24'),(142,3,111,'2022-02-17 16:13:54'),(143,3,112,'2022-02-17 16:42:52'),(144,3,113,'2022-02-17 16:44:50'),(145,3,114,'2022-02-17 17:30:35'),(146,3,115,'2022-02-17 17:39:42'),(147,2,115,'2022-02-17 17:44:45'),(148,3,116,'2022-02-17 17:45:55'),(149,2,117,'2022-02-17 17:48:11'),(150,3,118,'2022-02-17 17:50:12'),(151,2,118,'2022-02-17 17:50:18'),(152,3,119,'2022-02-17 17:52:05'),(153,3,120,'2022-02-17 17:52:10'),(154,2,120,'2022-02-17 17:52:16'),(155,4,121,'2022-02-17 18:15:34'),(156,5,122,'2022-02-17 18:15:50'),(157,7,123,'2022-02-17 18:15:51'),(158,4,124,'2022-02-17 18:16:23'),(159,7,125,'2022-02-17 18:16:47'),(160,4,126,'2022-02-17 18:17:29'),(161,6,127,'2022-02-17 18:17:54'),(162,5,128,'2022-02-17 18:19:47'),(163,7,129,'2022-02-17 18:20:59'),(164,7,130,'2022-02-17 18:21:26'),(165,7,131,'2022-02-17 18:21:56'),(166,6,132,'2022-02-17 18:22:03'),(167,6,133,'2022-02-17 18:22:32'),(168,5,134,'2022-02-17 18:22:37'),(169,7,135,'2022-02-17 18:22:46'),(170,6,136,'2022-02-17 18:23:33'),(171,6,137,'2022-02-17 18:23:54'),(172,6,138,'2022-02-17 18:24:16'),(173,6,139,'2022-02-17 18:24:42'),(174,5,140,'2022-02-17 18:29:44'),(175,6,141,'2022-02-17 19:00:32'),(176,6,142,'2022-02-17 19:01:26'),(177,6,143,'2022-02-17 20:03:18'),(178,5,144,'2022-02-17 20:10:10'),(179,15,145,'2022-02-17 20:10:11'),(180,7,146,'2022-02-17 20:10:39'),(181,5,147,'2022-02-17 20:11:10'),(182,5,145,'2022-02-17 20:15:51'),(183,15,148,'2022-02-17 20:20:07'),(184,17,149,'2022-02-17 20:20:27'),(185,17,150,'2022-02-17 20:21:29'),(186,5,148,'2022-02-17 20:21:48'),(187,7,148,'2022-02-17 20:21:53'),(188,17,151,'2022-02-17 20:22:51'),(189,15,152,'2022-02-17 20:34:06'),(190,15,153,'2022-02-17 20:34:57'),(191,15,154,'2022-02-17 20:37:38'),(192,15,155,'2022-02-17 20:39:08'),(193,15,156,'2022-02-17 20:41:40'),(194,15,157,'2022-02-17 20:45:34'),(195,17,158,'2022-02-17 20:47:59'),(196,15,159,'2022-02-17 20:48:11'),(197,17,160,'2022-02-17 20:49:07'),(198,15,161,'2022-02-17 20:50:24'),(199,15,162,'2022-02-17 20:51:31'),(200,15,163,'2022-02-17 20:52:08'),(201,15,164,'2022-02-17 20:53:13'),(202,3,165,'2022-02-17 20:55:09'),(203,3,166,'2022-02-17 20:56:04'),(204,7,167,'2022-02-17 20:56:17');
/*!40000 ALTER TABLE `room_participant` ENABLE KEYS */;
UNLOCK TABLES;

--
-- Table structure for table `shopping_mall`
--

DROP TABLE IF EXISTS `shopping_mall`;
/*!40101 SET @saved_cs_client     = @@character_set_client */;
/*!50503 SET character_set_client = utf8mb4 */;
CREATE TABLE `shopping_mall` (
  `id` int NOT NULL AUTO_INCREMENT COMMENT '쇼핑몰 id',
  `name` varchar(45) COLLATE utf8_bin NOT NULL COMMENT '쇼핑몰 이름',
  `url` varchar(255) COLLATE utf8_bin NOT NULL COMMENT '쇼핑몰 사이트 주소',
  `logo` varchar(255) COLLATE utf8_bin DEFAULT NULL COMMENT '쇼핑몰 사이트 로고',
  `created_time` timestamp NOT NULL DEFAULT CURRENT_TIMESTAMP COMMENT '생성 시간',
  `updated_time` timestamp NOT NULL DEFAULT CURRENT_TIMESTAMP COMMENT '마지막 수정 시간',
  PRIMARY KEY (`id`),
  UNIQUE KEY `id_UNIQUE` (`id`)
) ENGINE=InnoDB AUTO_INCREMENT=28 DEFAULT CHARSET=utf8mb3 COLLATE=utf8_bin;
/*!40101 SET character_set_client = @saved_cs_client */;

--
-- Dumping data for table `shopping_mall`
--

LOCK TABLES `shopping_mall` WRITE;
/*!40000 ALTER TABLE `shopping_mall` DISABLE KEYS */;
INSERT INTO `shopping_mall` VALUES (1,'탑텐','https://topten.topten10mall.com/',NULL,'2022-02-12 09:00:48','2022-02-12 09:00:48'),(2,'무신사','https://www.musinsa.com/app/',NULL,'2022-02-12 09:00:48','2022-02-12 09:00:48'),(3,'29CM','https://www.29cm.co.kr/home/',NULL,'2022-02-12 09:00:48','2022-02-12 09:00:48'),(4,'뉴발란스','https://www.nbkorea.com/',NULL,'2022-02-15 15:14:37','2022-02-15 15:14:37'),(5,'자라','https://www.zara.com/kr/',NULL,'2022-02-15 15:14:37','2022-02-15 15:14:37'),(6,'COS','https://www.cosstores.com/kr_krw/',NULL,'2022-02-15 15:14:37','2022-02-15 15:14:37'),(7,'노스페이스','https://www.thenorthfacekorea.co.kr/',NULL,'2022-02-15 15:14:37','2022-02-15 15:14:37'),(8,'8Seconds','https://www.ssfshop.com/8Seconds/',NULL,'2022-02-15 15:14:37','2022-02-15 15:14:37'),(9,'wvproject','https://www.wvproject.co.kr/',NULL,'2022-02-15 15:14:37','2022-02-15 15:14:37'),(10,'h&m','https://www2.hm.com/ko_kr/',NULL,'2022-02-15 15:14:37','2022-02-15 15:14:37'),(11,'스파오','https://spao.elandmall.com/main/',NULL,'2022-02-15 15:14:37','2022-02-15 15:14:37'),(12,'미쏘','https://mixxo.elandmall.com/',NULL,'2022-02-15 15:14:37','2022-02-15 15:14:37'),(13,'지오다노','https://www.giordano.co.kr/',NULL,'2022-02-15 15:14:37','2022-02-15 15:14:37'),(14,'아더에러','https://adererror.com/',NULL,'2022-02-15 15:14:37','2022-02-15 15:14:37'),(15,'커버낫','https://covernat.net/',NULL,'2022-02-15 15:14:37','2022-02-15 15:14:37'),(16,'w컨셉','https://www.wconcept.co.kr/',NULL,'2022-02-15 15:14:37','2022-02-15 15:14:37'),(17,'코오롱몰','https://www.kolonmall.com/',NULL,'2022-02-15 15:14:37','2022-02-15 15:14:37'),(18,'스투시','https://www.stussy.co.kr/',NULL,'2022-02-15 15:16:58','2022-02-15 15:16:58'),(19,'젝시미스','https://xexymix.com/',NULL,'2022-02-15 15:19:14','2022-02-15 15:19:14'),(20,'썸제이','https://www.ssumj.com/index.html',NULL,'2022-02-15 15:19:14','2022-02-15 15:19:14'),(21,'베니토','https://www.benito.co.kr/index.html',NULL,'2022-02-15 15:19:14','2022-02-15 15:19:14'),(22,'메이비베이비','http://maybe-baby.co.kr/index.html',NULL,'2022-02-15 15:19:14','2022-02-15 15:19:14'),(23,'육육걸즈','https://www.66girls.co.kr/',NULL,'2022-02-15 15:19:14','2022-02-15 15:19:14'),(24,'나이키','https://www.nike.com/kr/ko_kr/',NULL,'2022-02-15 15:53:55','2022-02-15 15:53:55'),(25,'아디다스','https://www.adidas.co.kr/',NULL,'2022-02-15 15:53:55','2022-02-15 15:53:55'),(26,'하프클럽','http://www.halfclub.com',NULL,'2022-02-15 15:53:55','2022-02-15 15:53:55'),(27,'이랜드몰','http://www.elandmall.com',NULL,'2022-02-15 15:53:55','2022-02-15 15:53:55');
/*!40000 ALTER TABLE `shopping_mall` ENABLE KEYS */;
UNLOCK TABLES;

--
-- Table structure for table `shopping_room`
--

DROP TABLE IF EXISTS `shopping_room`;
/*!40101 SET @saved_cs_client     = @@character_set_client */;
/*!50503 SET character_set_client = utf8mb4 */;
CREATE TABLE `shopping_room` (
  `id` int NOT NULL AUTO_INCREMENT COMMENT '쇼핑룸 id',
  `host_id` int NOT NULL COMMENT '쇼핑룸 생성자 id',
  `is_custom_shopping_mall` tinyint(1) NOT NULL DEFAULT '1' COMMENT 'shopping_mall 테이블의 쇼핑몰 사용여부 (0: shopping_mall_name, shopping_mall_name 에 직접 입력, 1: shopping_mall 테이블에서 선택)',
  `shopping_mall_id` int DEFAULT NULL COMMENT '쇼핑몰 목록에서 선택했을 때 쇼핑몰 사이트 id',
  `shopping_mall_name` varchar(45) COLLATE utf8_bin DEFAULT NULL COMMENT '쇼핑몰 목록에 없는 사이트일 때 사이트 이름',
  `shopping_mall_url` varchar(255) COLLATE utf8_bin DEFAULT NULL COMMENT '쇼핑몰 목록에 없는 사이트일 때 사이트 주소',
  `participant_count` int NOT NULL COMMENT '쇼핑룸 최대 인원수',
  `is_private` tinyint(1) NOT NULL DEFAULT '0' COMMENT '쇼핑룸 비공개 여부 (0: 공개, 1: 비공개)',
  `password` varchar(8) COLLATE utf8_bin DEFAULT NULL COMMENT '비공개 쇼핑룸일 때의 비밀번호',
  `is_active` tinyint(1) NOT NULL DEFAULT '1' COMMENT '쇼핑룸 활성화 여부 (0: 중지, 1: 활성화)',
  `session_id` varchar(200) COLLATE utf8_bin NOT NULL,
  `created_time` timestamp NOT NULL DEFAULT CURRENT_TIMESTAMP,
  `updated_time` timestamp NOT NULL DEFAULT CURRENT_TIMESTAMP,
  PRIMARY KEY (`id`),
  UNIQUE KEY `id_UNIQUE` (`id`),
  KEY `FK_shopping_room_host_id_member_id_idx` (`host_id`),
  KEY `FK_shopping_room_mall_id_shopping_mall_id_idx` (`shopping_mall_id`),
  CONSTRAINT `FK_shopping_room_host_id_member_id` FOREIGN KEY (`host_id`) REFERENCES `member` (`id`),
  CONSTRAINT `FK_shopping_room_mall_id_shopping_mall_id` FOREIGN KEY (`shopping_mall_id`) REFERENCES `shopping_mall` (`id`)
) ENGINE=InnoDB AUTO_INCREMENT=168 DEFAULT CHARSET=utf8mb3 COLLATE=utf8_bin;
/*!40101 SET character_set_client = @saved_cs_client */;

--
-- Dumping data for table `shopping_room`
--

LOCK TABLES `shopping_room` WRITE;
/*!40000 ALTER TABLE `shopping_room` DISABLE KEYS */;
INSERT INTO `shopping_room` VALUES (1,5,0,2,'무신사','https://www.musinsa.com/app/',2,0,NULL,0,'ses_JavEjhfp7I','2022-02-16 13:40:09','2022-02-16 13:40:39'),(2,7,0,1,'탑텐','https://topten.topten10mall.com/',2,0,NULL,0,'ses_WNKG3k2qOo','2022-02-16 13:40:19','2022-02-16 13:40:21'),(3,6,0,2,'무신사','https://www.musinsa.com/app/',2,0,NULL,0,'ses_Yg3gZpP7b0','2022-02-16 13:40:33','2022-02-16 13:43:12'),(4,4,0,5,'자라','https://www.zara.com/kr/',1,0,NULL,0,'ses_Eww3F0SSWu','2022-02-16 13:42:03','2022-02-16 13:42:09'),(5,4,0,2,'무신사','https://www.musinsa.com/app/',5,0,NULL,0,'ses_EKO43601oK','2022-02-16 13:45:50','2022-02-16 14:04:12'),(6,7,0,2,'무신사','https://www.musinsa.com/app/',5,1,'1234',0,'ses_TEIuEphhUJ','2022-02-16 13:52:00','2022-02-16 13:52:04'),(7,7,0,7,'노스페이스','https://www.thenorthfacekorea.co.kr/',3,0,NULL,0,'ses_AZ0zHO5F12','2022-02-16 13:52:52','2022-02-16 13:53:02'),(8,7,0,2,'무신사','https://www.musinsa.com/app/',2,0,NULL,0,'ses_ND22bmOlLF','2022-02-16 13:53:51','2022-02-16 13:59:28'),(9,6,0,2,'무신사','https://www.musinsa.com/app/',3,0,NULL,0,'ses_Ks6faOGJSX','2022-02-16 14:45:47','2022-02-16 14:58:44'),(10,3,0,2,'무신사','https://www.musinsa.com/app/',1,0,NULL,0,'ses_WIHjnd8Acn','2022-02-16 16:15:37','2022-02-16 16:15:43'),(11,6,0,2,'무신사','https://www.musinsa.com/app/',2,0,NULL,0,'ses_HnByOhQ1ix','2022-02-16 16:42:36','2022-02-16 16:48:35'),(12,6,0,2,'무신사','https://www.musinsa.com/app/',2,0,NULL,0,'ses_FOLxUVQK8a','2022-02-16 16:42:36','2022-02-16 16:48:40'),(13,6,0,2,'무신사','https://www.musinsa.com/app/',3,0,NULL,0,'ses_WwFEUxATPB','2022-02-16 16:48:45','2022-02-16 16:51:19'),(14,5,0,2,'무신사','https://www.musinsa.com/app/',6,1,'1234',0,'ses_Y5HvKPebjp','2022-02-16 17:07:17','2022-02-16 17:07:33'),(15,5,0,2,'무신사','https://www.musinsa.com/app/',2,0,NULL,0,'ses_KMzlbiGvx5','2022-02-16 17:25:25','2022-02-16 17:29:57'),(16,4,0,2,'무신사','https://www.musinsa.com/app/',2,0,NULL,0,'ses_L72kpUzNIs','2022-02-16 17:25:55','2022-02-16 17:38:16'),(17,4,0,2,'무신사','https://www.musinsa.com/app/',3,0,NULL,0,'ses_YBSfqZnhBy','2022-02-16 17:38:22','2022-02-16 17:39:59'),(18,5,0,2,'무신사','https://www.musinsa.com/app/',2,0,NULL,0,'ses_CkK8sIbL0G','2022-02-16 18:00:13','2022-02-16 18:35:57'),(19,2,0,2,'무신사','https://www.musinsa.com/app/',3,0,NULL,0,'ses_XJz4xbW0M0','2022-02-16 18:02:45','2022-02-16 18:04:57'),(20,4,0,2,'무신사','https://www.musinsa.com/app/',1,0,NULL,0,'ses_I1IrqXLzZA','2022-02-16 18:12:23','2022-02-16 18:14:47'),(21,4,0,2,'무신사','https://www.musinsa.com/app/',1,0,NULL,0,'ses_ByBwIFNsQr','2022-02-16 18:14:54','2022-02-16 18:15:20'),(22,3,0,2,'무신사','https://www.musinsa.com/app/',1,0,NULL,0,'ses_BO1eFPOOIJ','2022-02-16 18:16:00','2022-02-16 18:17:18'),(23,4,0,2,'무신사','https://www.musinsa.com/app/',1,0,NULL,0,'ses_EGhzKDdXy8','2022-02-16 18:17:25','2022-02-16 18:17:25'),(24,7,0,2,'무신사','https://www.musinsa.com/app/',1,0,NULL,0,'ses_XFWamUpnCQ','2022-02-16 18:27:17','2022-02-16 18:27:17'),(25,3,0,2,'무신사','https://www.musinsa.com/app/',1,0,NULL,0,'ses_XKWTJkM5uw','2022-02-16 18:32:12','2022-02-16 18:32:12'),(26,5,0,2,'무신사','https://www.musinsa.com/app/',2,0,NULL,0,'ses_ZPvOVfyPbU','2022-02-16 18:38:32','2022-02-16 19:33:24'),(27,5,0,2,'무신사','https://www.musinsa.com/app/',2,0,NULL,0,'ses_Cnxq1Oaznn','2022-02-16 19:56:58','2022-02-16 20:02:56'),(28,7,0,2,'무신사','https://www.musinsa.com/app/',2,0,NULL,0,'ses_YxCaaAoIdm','2022-02-16 20:19:15','2022-02-16 20:24:02'),(29,4,0,2,'무신사','https://www.musinsa.com/app/',1,0,NULL,0,'ses_GWFBjT1skR','2022-02-16 20:19:53','2022-02-16 20:19:53'),(30,7,0,1,'탑텐','https://topten.topten10mall.com/',1,0,NULL,0,'ses_PeAkkbq0gb','2022-02-16 20:24:11','2022-02-16 20:24:27'),(31,2,0,2,'무신사','https://www.musinsa.com/app/',2,0,NULL,0,'ses_PfKEjNA5OS','2022-02-16 20:28:49','2022-02-16 20:34:49'),(32,2,0,2,'무신사','https://www.musinsa.com/app/',2,0,NULL,0,'ses_JIh1mEltvr','2022-02-16 20:34:56','2022-02-16 22:22:18'),(33,9,0,2,'무신사','https://www.musinsa.com/app/',2,0,NULL,0,'ses_HmmLBhE6Vg','2022-02-16 20:35:47','2022-02-16 20:54:33'),(34,9,0,2,'무신사','https://www.musinsa.com/app/',2,0,NULL,0,'ses_Efid7kK7gW','2022-02-16 20:54:53','2022-02-16 20:59:28'),(35,9,0,2,'무신사','https://www.musinsa.com/app/',2,0,NULL,0,'ses_Zsru355LgU','2022-02-16 20:59:43','2022-02-16 21:10:12'),(36,9,0,2,'무신사','https://www.musinsa.com/app/',2,0,NULL,0,'ses_Ogwonwi6ZZ','2022-02-16 21:10:36','2022-02-16 21:13:01'),(37,9,0,2,'무신사','https://www.musinsa.com/app/',2,0,NULL,0,'ses_UKnD32xSx1','2022-02-16 21:13:20','2022-02-16 21:18:18'),(38,9,0,2,'무신사','https://www.musinsa.com/app/',2,0,NULL,0,'ses_I6eF2ZXDa5','2022-02-16 21:18:23','2022-02-16 21:21:36'),(39,4,0,2,'무신사','https://www.musinsa.com/app/',1,0,NULL,0,'ses_IPKADtotjr','2022-02-16 21:19:23','2022-02-16 21:42:16'),(40,9,0,2,'무신사','https://www.musinsa.com/app/',2,0,NULL,0,'ses_F3oDX035ny','2022-02-16 21:25:26','2022-02-16 21:38:20'),(41,9,0,12,'미쏘','https://mixxo.elandmall.com/',2,0,NULL,0,'ses_WMuzGKBpPR','2022-02-16 21:38:36','2022-02-16 21:42:02'),(42,9,0,12,'미쏘','https://mixxo.elandmall.com/',2,0,NULL,0,'ses_S1nKQk0wNP','2022-02-16 21:42:34','2022-02-16 21:45:48'),(43,5,0,2,'무신사','https://www.musinsa.com/app/',3,0,NULL,0,'ses_CkRJZRS50k','2022-02-16 21:49:35','2022-02-16 22:29:13'),(44,9,0,2,'무신사','https://www.musinsa.com/app/',2,0,NULL,0,'ses_VNNZtc96UA','2022-02-16 22:07:43','2022-02-16 22:20:20'),(45,4,0,2,'무신사','https://www.musinsa.com/app/',1,0,NULL,0,'ses_DBuQJGhu5s','2022-02-16 22:10:10','2022-02-16 22:10:10'),(46,7,0,1,'탑텐','https://topten.topten10mall.com/',6,0,NULL,0,'ses_V847BfOm5r','2022-02-16 22:33:00','2022-02-16 22:33:09'),(47,5,0,2,'무신사','https://www.musinsa.com/app/',2,0,NULL,0,'ses_UKN21C2ra6','2022-02-16 22:34:15','2022-02-16 22:43:34'),(48,4,0,2,'무신사','https://www.musinsa.com/app/',3,0,NULL,0,'ses_PwCHfLwFR6','2022-02-16 22:37:48','2022-02-16 22:42:12'),(49,9,0,2,'무신사','https://www.musinsa.com/app/',2,0,NULL,0,'ses_KeM1BM4gEl','2022-02-16 22:49:06','2022-02-16 22:49:06'),(50,7,0,2,'무신사','https://www.musinsa.com/app/',6,0,NULL,0,'ses_Vj0pR3aI90','2022-02-16 22:50:12','2022-02-16 22:50:16'),(51,4,0,2,'무신사','https://www.musinsa.com/app/',6,0,NULL,0,'ses_EsCy6dlbCT','2022-02-16 22:52:46','2022-02-16 22:58:40'),(52,5,0,2,'무신사','https://www.musinsa.com/app/',2,0,NULL,0,'ses_Vx1K5D0vPY','2022-02-16 23:01:31','2022-02-16 23:02:55'),(53,5,0,2,'무신사','https://www.musinsa.com/app/',2,0,NULL,0,'ses_MLQiVRI819','2022-02-16 23:02:25','2022-02-16 23:02:25'),(54,7,0,1,'탑텐','https://topten.topten10mall.com/',6,0,NULL,0,'ses_U9i66wCaKz','2022-02-16 23:10:06','2022-02-16 23:10:11'),(55,10,0,2,'무신사','https://www.musinsa.com/app/',2,1,'123',0,'ses_FkP4hHnTST','2022-02-16 23:56:50','2022-02-16 23:57:11'),(56,3,0,2,'무신사','https://www.musinsa.com/app/',2,0,NULL,0,'ses_KJK7A4fNUp','2022-02-17 01:21:27','2022-02-17 01:21:32'),(57,3,0,2,'무신사','https://www.musinsa.com/app/',2,1,'1234',0,'ses_JX4DkFBdei','2022-02-17 01:22:56','2022-02-17 01:23:27'),(58,3,0,2,'무신사','https://www.musinsa.com/app/',2,0,NULL,0,'ses_BAPYALW6gd','2022-02-17 01:23:34','2022-02-17 01:26:42'),(59,3,0,2,'무신사','https://www.musinsa.com/app/',2,1,'1234',0,'ses_U4NUco50Ju','2022-02-17 01:40:45','2022-02-17 01:47:59'),(60,3,0,2,'무신사','https://www.musinsa.com/app/',2,0,NULL,0,'ses_I2D9o5jxby','2022-02-17 01:48:45','2022-02-17 01:48:58'),(61,3,0,2,'무신사','https://www.musinsa.com/app/',2,1,'1234',0,'ses_NiPHKK0rUH','2022-02-17 01:49:42','2022-02-17 01:49:47'),(62,3,0,2,'무신사','https://www.musinsa.com/app/',2,1,'1234',0,'ses_K3DPKwpvAK','2022-02-17 01:50:31','2022-02-17 02:01:32'),(63,2,0,2,'무신사','https://www.musinsa.com/app/',1,0,NULL,0,'ses_KOK9MVdFTx','2022-02-17 02:01:38','2022-02-17 02:04:02'),(64,2,0,2,'무신사','https://www.musinsa.com/app/',4,1,'1234',0,'ses_CupL5ieyqg','2022-02-17 02:04:16','2022-02-17 02:12:43'),(65,6,0,2,'무신사','https://www.musinsa.com/app/',4,0,NULL,0,'ses_Jpbend0LYO','2022-02-17 02:09:29','2022-02-17 02:43:33'),(66,3,0,2,'무신사','https://www.musinsa.com/app/',2,0,NULL,0,'ses_UlIsjkY3ct','2022-02-17 02:12:50','2022-02-17 02:16:14'),(67,3,0,2,'무신사','https://www.musinsa.com/app/',2,0,NULL,0,'ses_YdglRS8uwT','2022-02-17 02:16:40','2022-02-17 02:17:26'),(68,3,0,2,'무신사','https://www.musinsa.com/app/',2,0,NULL,0,'ses_GetclycfzU','2022-02-17 02:17:31','2022-02-17 02:18:29'),(69,3,0,2,'무신사','https://www.musinsa.com/app/',2,0,NULL,0,'ses_LKs5q8qINE','2022-02-17 02:18:36','2022-02-17 02:20:22'),(70,3,0,2,'무신사','https://www.musinsa.com/app/',2,0,NULL,0,'ses_SUecuGY31j','2022-02-17 02:20:40','2022-02-17 02:21:06'),(71,3,0,2,'무신사','https://www.musinsa.com/app/',2,0,NULL,0,'ses_WxTKWRHME2','2022-02-17 02:21:17','2022-02-17 02:21:20'),(72,3,0,2,'무신사','https://www.musinsa.com/app/',2,0,NULL,0,'ses_CUPJgwe1hX','2022-02-17 02:21:27','2022-02-17 02:22:50'),(73,3,0,2,'무신사','https://www.musinsa.com/app/',2,0,NULL,0,'ses_FOl8tAs6pZ','2022-02-17 02:24:11','2022-02-17 02:30:55'),(74,2,0,2,'무신사','https://www.musinsa.com/app/',3,0,NULL,0,'ses_TmIHeb4LSI','2022-02-17 02:31:15','2022-02-17 02:39:35'),(75,2,0,2,'무신사','https://www.musinsa.com/app/',3,0,NULL,0,'ses_HYqqBxZZB9','2022-02-17 02:39:47','2022-02-17 02:48:50'),(76,6,0,2,'무신사','https://www.musinsa.com/app/',3,0,NULL,0,'ses_DKohdSF5c6','2022-02-17 02:58:32','2022-02-17 02:59:16'),(77,6,0,2,'무신사','https://www.musinsa.com/app/',5,0,NULL,0,'ses_CsSdDrDGum','2022-02-17 03:41:29','2022-02-17 03:45:18'),(78,6,0,2,'무신사','https://www.musinsa.com/app/',3,0,NULL,0,'ses_FlOYtQZMvJ','2022-02-17 03:56:41','2022-02-17 03:59:40'),(79,2,0,2,'무신사','https://www.musinsa.com/app/',1,0,NULL,0,'ses_Q1WkCzZij0','2022-02-17 10:04:13','2022-02-17 10:23:35'),(80,3,0,2,'무신사','https://www.musinsa.com/app/',1,0,NULL,0,'ses_TFioX8ZTo4','2022-02-17 10:22:06','2022-02-17 10:31:22'),(81,2,0,2,'무신사','https://www.musinsa.com/app/',2,0,NULL,0,'ses_Ucd6m2NnZW','2022-02-17 10:27:42','2022-02-17 10:29:47'),(82,2,0,2,'무신사','https://www.musinsa.com/app/',1,0,NULL,0,'ses_OaVVRSsslq','2022-02-17 10:30:28','2022-02-17 10:31:17'),(83,2,0,2,'무신사','https://www.musinsa.com/app/',2,0,NULL,0,'ses_HIy1THfRJs','2022-02-17 10:31:25','2022-02-17 10:57:58'),(84,6,0,2,'무신사','https://www.musinsa.com/app/',1,1,'123321',0,'ses_F6bsMh7svg','2022-02-17 10:39:14','2022-02-17 10:43:06'),(85,3,0,2,'무신사','https://www.musinsa.com/app/',1,0,NULL,0,'ses_S6CfQ9j2sk','2022-02-17 10:45:14','2022-02-17 11:33:44'),(86,6,0,2,'무신사','https://www.musinsa.com/app/',2,0,NULL,0,'ses_Z24vfiZ5BS','2022-02-17 11:11:37','2022-02-17 11:20:33'),(87,7,0,2,'무신사','https://www.musinsa.com/app/',6,0,NULL,0,'ses_Pt7ntJ3lNA','2022-02-17 11:11:47','2022-02-17 11:12:06'),(88,5,0,12,'미쏘','https://mixxo.elandmall.com/',2,0,NULL,0,'ses_ZDW5oETFHD','2022-02-17 11:14:24','2022-02-17 11:14:24'),(89,5,0,12,'미쏘','https://mixxo.elandmall.com/',2,0,NULL,0,'ses_L7imhuZPFW','2022-02-17 11:23:13','2022-02-17 11:23:31'),(90,4,0,2,'무신사','https://www.musinsa.com/app/',2,0,NULL,0,'ses_PVhDCGMrWk','2022-02-17 11:29:17','2022-02-17 11:29:17'),(91,3,0,2,'무신사','https://www.musinsa.com/app/',2,0,NULL,0,'ses_KCpeKhgwXY','2022-02-17 11:34:02','2022-02-17 11:55:33'),(92,6,0,1,'탑텐','https://topten.topten10mall.com/',3,0,NULL,0,'ses_Uqd9JiRx0w','2022-02-17 11:44:54','2022-02-17 11:47:18'),(93,2,0,2,'무신사','https://www.musinsa.com/app/',1,0,NULL,0,'ses_NMxuubdLKG','2022-02-17 11:48:44','2022-02-17 12:05:21'),(94,3,0,2,'무신사','https://www.musinsa.com/app/',1,0,NULL,0,'ses_GvUY3RCEjB','2022-02-17 11:55:38','2022-02-17 12:00:27'),(95,14,0,2,'무신사','https://www.musinsa.com/app/',1,0,NULL,0,'ses_AqyFOBr18y','2022-02-17 11:59:32','2022-02-17 12:02:43'),(96,3,0,2,'무신사','https://www.musinsa.com/app/',1,0,NULL,0,'ses_Itxyi4Zycw','2022-02-17 12:00:35','2022-02-17 13:09:03'),(97,14,0,2,'무신사','https://www.musinsa.com/app/',1,0,NULL,0,'ses_ZDdSQ7R6Vf','2022-02-17 12:02:55','2022-02-17 12:03:30'),(98,3,0,2,'무신사','https://www.musinsa.com/app/',1,0,NULL,0,'ses_XWp5tZzYnj','2022-02-17 13:09:12','2022-02-17 13:37:55'),(99,16,0,2,'무신사','https://www.musinsa.com/app/',3,0,NULL,0,'ses_RlTzEQiomW','2022-02-17 13:44:24','2022-02-17 13:44:24'),(100,16,0,2,'무신사','https://www.musinsa.com/app/',2,0,NULL,0,'ses_E6yGhUmfMV','2022-02-17 13:45:28','2022-02-17 13:45:28'),(101,16,0,2,'무신사','https://www.musinsa.com/app/',3,0,NULL,0,'ses_Okf9R31ksF','2022-02-17 13:50:14','2022-02-17 13:50:14'),(102,7,0,2,'무신사','https://www.musinsa.com/app/',2,0,NULL,0,'ses_Nb8NDIueq9','2022-02-17 14:26:37','2022-02-17 14:26:48'),(103,4,0,2,'무신사','https://www.musinsa.com/app/',1,1,'sss',0,'ses_XlnsrdVZvo','2022-02-17 14:28:23','2022-02-17 14:28:31'),(104,4,0,2,'무신사','https://www.musinsa.com/app/',3,0,NULL,0,'ses_XVEBLvytlT','2022-02-17 14:33:32','2022-02-17 14:37:54'),(105,2,0,2,'무신사','https://www.musinsa.com/app/',3,0,NULL,0,'ses_Oj0AVudpAJ','2022-02-17 14:36:26','2022-02-17 14:37:34'),(106,2,0,2,'무신사','https://www.musinsa.com/app/',3,0,NULL,0,'ses_HOuEmjNYP0','2022-02-17 14:37:56','2022-02-17 15:29:12'),(107,4,0,2,'무신사','https://www.musinsa.com/app/',2,0,NULL,0,'ses_TQusHjfkCw','2022-02-17 14:43:45','2022-02-17 14:51:47'),(108,4,0,2,'무신사','https://www.musinsa.com/app/',1,0,NULL,0,'ses_PKyDm8lMMT','2022-02-17 15:11:53','2022-02-17 15:12:49'),(109,7,0,4,'뉴발란스','https://www.nbkorea.com/',6,0,NULL,0,'ses_DjiLUHGiXr','2022-02-17 15:20:30','2022-02-17 15:20:30'),(110,2,0,2,'무신사','https://www.musinsa.com/app/',2,0,NULL,0,'ses_NHQhoAUswt','2022-02-17 15:29:24','2022-02-17 15:29:33'),(111,3,0,2,'무신사','https://www.musinsa.com/app/',2,1,'1234',0,'ses_EBTGhfY2eH','2022-02-17 16:13:54','2022-02-17 16:20:23'),(112,3,0,2,'무신사','https://www.musinsa.com/app/',2,1,'1234',0,'ses_CDfpm8ChGy','2022-02-17 16:42:52','2022-02-17 16:43:00'),(113,3,0,2,'무신사','https://www.musinsa.com/app/',1,0,NULL,0,'ses_HhjSr8Lnwg','2022-02-17 16:44:50','2022-02-17 16:44:55'),(114,3,1,NULL,'핏쉐어','www.fitshare.cm',2,1,'1234',0,'ses_OAXwwGPA1i','2022-02-17 17:30:35','2022-02-17 17:30:38'),(115,3,0,2,'무신사','https://www.musinsa.com/app/',2,0,NULL,0,'ses_C8e02Hcdah','2022-02-17 17:39:42','2022-02-17 17:45:34'),(116,3,0,2,'무신사','https://www.musinsa.com/app/',2,1,'1234',0,'ses_TazaRJQMyU','2022-02-17 17:45:55','2022-02-17 17:45:58'),(117,2,0,2,'무신사','https://www.musinsa.com/app/',3,0,NULL,0,'ses_DNPQrTL3DM','2022-02-17 17:48:11','2022-02-17 17:50:15'),(118,3,0,2,'무신사','https://www.musinsa.com/app/',2,0,NULL,0,'ses_W2fr1ymDaB','2022-02-17 17:50:12','2022-02-17 17:51:40'),(119,3,0,2,'무신사','https://www.musinsa.com/app/',2,0,NULL,0,'ses_Klo1SzSUAT','2022-02-17 17:52:05','2022-02-17 17:52:05'),(120,3,0,2,'무신사','https://www.musinsa.com/app/',2,0,NULL,0,'ses_K5tYQzCYel','2022-02-17 17:52:10','2022-02-17 18:13:59'),(121,4,0,2,'무신사','https://www.musinsa.com/app/',5,0,NULL,0,'ses_DdYB7k5GJh','2022-02-17 18:15:34','2022-02-17 18:16:11'),(122,5,0,11,'스파오','https://spao.elandmall.com/main/',3,0,NULL,0,'ses_Aqz1VbdlrF','2022-02-17 18:15:50','2022-02-17 18:16:27'),(123,7,0,25,'아디다스','https://www.adidas.co.kr/',6,0,NULL,0,'ses_LUfDshxpkm','2022-02-17 18:15:51','2022-02-17 18:16:20'),(124,4,0,13,'지오다노','https://www.giordano.co.kr/',3,0,NULL,0,'ses_EWNdQQeJu2','2022-02-17 18:16:23','2022-02-17 18:17:08'),(125,7,0,13,'지오다노','https://www.giordano.co.kr/',5,0,NULL,0,'ses_FRLC67r8L5','2022-02-17 18:16:47','2022-02-17 18:20:40'),(126,4,0,3,'29CM','https://www.29cm.co.kr/home/',3,0,NULL,0,'ses_Iw2I1pLu05','2022-02-17 18:17:29','2022-02-17 18:31:16'),(127,6,0,6,'COS','https://www.cosstores.com/kr_krw/',4,1,'1233',0,'ses_AR9isMmnQo','2022-02-17 18:17:54','2022-02-17 18:21:00'),(128,5,0,16,'w컨셉','https://www.wconcept.co.kr/',3,0,NULL,0,'ses_DuRbavBrni','2022-02-17 18:19:47','2022-02-17 18:22:29'),(129,7,0,11,'스파오','https://spao.elandmall.com/main/',6,0,NULL,0,'ses_UtMzKjlaaY','2022-02-17 18:20:59','2022-02-17 18:21:12'),(130,7,0,10,'h&m','https://www2.hm.com/ko_kr/',3,0,NULL,0,'ses_OS9IMkWDoo','2022-02-17 18:21:26','2022-02-17 18:21:45'),(131,7,0,20,'썸제이','https://www.ssumj.com/index.html',5,0,NULL,0,'ses_X20JKKne7m','2022-02-17 18:21:56','2022-02-17 18:22:27'),(132,6,0,10,'h&m','https://www2.hm.com/ko_kr/',4,1,'1233',0,'ses_RWA0unGFFs','2022-02-17 18:22:03','2022-02-17 18:22:08'),(133,6,0,24,'나이키','https://www.nike.com/kr/ko_kr/',3,1,'1233',0,'ses_DR4iJgTvTC','2022-02-17 18:22:32','2022-02-17 18:23:02'),(134,5,0,9,'wvproject','https://www.wvproject.co.kr/',3,0,NULL,0,'ses_Sn1DsQOPEL','2022-02-17 18:22:37','2022-02-17 18:24:19'),(135,7,0,15,'커버낫','https://covernat.net/',6,0,NULL,0,'ses_PWBCYyZ9RF','2022-02-17 18:22:46','2022-02-17 18:31:38'),(136,6,0,17,'코오롱몰','https://www.kolonmall.com/',3,1,'1233',0,'ses_Zop6xOrS8N','2022-02-17 18:23:33','2022-02-17 18:23:36'),(137,6,0,26,'하프클럽','http://www.halfclub.com',4,1,'1233',0,'ses_MAIpCoTRBJ','2022-02-17 18:23:54','2022-02-17 18:24:02'),(138,6,0,5,'자라','https://www.zara.com/kr/',4,0,NULL,0,'ses_ZWb9TmQx8f','2022-02-17 18:24:16','2022-02-17 18:24:18'),(139,6,0,2,'무신사','https://www.musinsa.com/app/',4,1,'1233',0,'ses_KJ6PbtzJ0X','2022-02-17 18:24:42','2022-02-17 18:31:29'),(140,5,0,5,'자라','https://www.zara.com/kr/',2,0,NULL,0,'ses_Qj8bwSVpNG','2022-02-17 18:29:44','2022-02-17 18:30:02'),(141,6,0,2,'무신사','https://www.musinsa.com/app/',2,0,NULL,0,'ses_YkKOWwQNfK','2022-02-17 19:00:32','2022-02-17 19:01:12'),(142,6,0,2,'무신사','https://www.musinsa.com/app/',3,0,NULL,0,'ses_YQUb2ylFfu','2022-02-17 19:01:26','2022-02-17 20:02:49'),(143,6,0,2,'무신사','https://www.musinsa.com/app/',3,0,NULL,0,'ses_GJlTh2zwkX','2022-02-17 20:03:18','2022-02-17 20:03:28'),(144,5,0,12,'미쏘','https://mixxo.elandmall.com/',2,0,NULL,0,'ses_DfIg42G65m','2022-02-17 20:10:10','2022-02-17 20:10:52'),(145,15,0,2,'무신사','https://www.musinsa.com/app/',2,0,NULL,0,'ses_O8efFk2uQH','2022-02-17 20:10:11','2022-02-17 20:18:46'),(146,7,0,2,'무신사','https://www.musinsa.com/app/',3,0,NULL,0,'ses_VQahqhzyv9','2022-02-17 20:10:39','2022-02-17 20:15:49'),(147,5,0,2,'무신사','https://www.musinsa.com/app/',2,0,NULL,0,'ses_O1GK2GXSkr','2022-02-17 20:11:10','2022-02-17 20:15:48'),(148,15,0,2,'무신사','https://www.musinsa.com/app/',4,0,NULL,0,'ses_CYTvsaG3hM','2022-02-17 20:20:07','2022-02-17 20:33:39'),(149,17,0,2,'무신사','https://www.musinsa.com/app/',1,0,NULL,0,'ses_KlzEtikANr','2022-02-17 20:20:27','2022-02-17 20:21:23'),(150,17,0,2,'무신사','https://www.musinsa.com/app/',2,0,NULL,0,'ses_XZadFyZWnH','2022-02-17 20:21:29','2022-02-17 20:22:47'),(151,17,0,2,'무신사','https://www.musinsa.com/app/',2,0,NULL,0,'ses_Y0s9gv51Fi','2022-02-17 20:22:51','2022-02-17 20:47:53'),(152,15,0,2,'무신사','https://www.musinsa.com/app/',3,0,NULL,0,'ses_TeUjGgVA6l','2022-02-17 20:34:06','2022-02-17 20:34:43'),(153,15,0,2,'무신사','https://www.musinsa.com/app/',2,0,NULL,0,'ses_IG41FS2HEI','2022-02-17 20:34:57','2022-02-17 20:37:25'),(154,15,0,2,'무신사','https://www.musinsa.com/app/',1,0,NULL,0,'ses_OKrl6xnRbP','2022-02-17 20:37:38','2022-02-17 20:38:47'),(155,15,0,2,'무신사','https://www.musinsa.com/app/',2,0,NULL,0,'ses_LhbFlje1li','2022-02-17 20:39:08','2022-02-17 20:39:08'),(156,15,0,2,'무신사','https://www.musinsa.com/app/',1,0,NULL,0,'ses_SV4IFb55VO','2022-02-17 20:41:40','2022-02-17 20:45:22'),(157,15,0,2,'무신사','https://www.musinsa.com/app/',3,0,NULL,0,'ses_UpwaKy6Y0W','2022-02-17 20:45:34','2022-02-17 20:45:34'),(158,17,0,2,'무신사','https://www.musinsa.com/app/',2,0,NULL,0,'ses_RrawOE3P5q','2022-02-17 20:47:59','2022-02-17 20:48:59'),(159,15,0,2,'무신사','https://www.musinsa.com/app/',3,0,NULL,0,'ses_AEYry7onlf','2022-02-17 20:48:11','2022-02-17 20:50:10'),(160,17,0,2,'무신사','https://www.musinsa.com/app/',3,0,NULL,0,'ses_GRHw49wjPd','2022-02-17 20:49:07','2022-02-17 21:19:08'),(161,15,0,1,'탑텐','https://topten.topten10mall.com/',2,0,NULL,0,'ses_G899yrRLZ6','2022-02-17 20:50:24','2022-02-17 20:51:22'),(162,15,0,1,'탑텐','https://topten.topten10mall.com/',6,0,NULL,0,'ses_MXnVoK2628','2022-02-17 20:51:31','2022-02-17 20:52:03'),(163,15,0,1,'탑텐','https://topten.topten10mall.com/',3,0,NULL,0,'ses_WByhapYzFW','2022-02-17 20:52:08','2022-02-17 20:52:08'),(164,15,0,1,'탑텐','https://topten.topten10mall.com/',2,0,NULL,0,'ses_M5e9iedh7d','2022-02-17 20:53:13','2022-02-17 20:54:59'),(165,3,0,2,'무신사','https://www.musinsa.com/app/',1,0,NULL,0,'ses_UQa3slgKV6','2022-02-17 20:55:09','2022-02-17 20:55:29'),(166,3,0,2,'무신사','https://www.musinsa.com/app/',1,0,NULL,0,'ses_VvmBZNRA2R','2022-02-17 20:56:04','2022-02-17 21:19:00'),(167,7,0,1,'탑텐','https://topten.topten10mall.com/',3,0,NULL,1,'ses_OMcDxVZKJi','2022-02-17 20:56:17','2022-02-17 20:56:17');
/*!40000 ALTER TABLE `shopping_room` ENABLE KEYS */;
UNLOCK TABLES;
/*!40103 SET TIME_ZONE=@OLD_TIME_ZONE */;

/*!40101 SET SQL_MODE=@OLD_SQL_MODE */;
/*!40014 SET FOREIGN_KEY_CHECKS=@OLD_FOREIGN_KEY_CHECKS */;
/*!40014 SET UNIQUE_CHECKS=@OLD_UNIQUE_CHECKS */;
/*!40101 SET CHARACTER_SET_CLIENT=@OLD_CHARACTER_SET_CLIENT */;
/*!40101 SET CHARACTER_SET_RESULTS=@OLD_CHARACTER_SET_RESULTS */;
/*!40101 SET COLLATION_CONNECTION=@OLD_COLLATION_CONNECTION */;
/*!40111 SET SQL_NOTES=@OLD_SQL_NOTES */;

-- Dump completed on 2022-02-17 21:35:07
